,ExplainedVariance,MeanAbsoluteError
0,0.6344523212172565,7.896515942043651
