,ExplainedVariance,MeanAbsoluteError
0,0.6452573420664947,7.844073834435174
